title,url,description
sample_title,sample_url,sample_description
sample_title,sample_url,sample_description
sample_title,sample_url,sample_description
sample_title,sample_url,sample_description
sample_title,sample_url,sample_description
sample_title,sample_url,sample_description
sample_title,sample_url,sample_description
sample_title,sample_url,sample_description
sample_title,sample_url,sample_description
sample_title,sample_url,sample_description
sample_title,sample_url,sample_description
sample_title,sample_url,sample_description
sample_title,sample_url,sample_description
sample_title,sample_url,sample_description
sample_title,sample_url,sample_description
sample_title,sample_url,sample_description
sample_title,sample_url,sample_description
sample_title,sample_url,sample_description
sample_title,sample_url,sample_description
sample_title,sample_url,sample_description
sample_title,sample_url,sample_description
sample_title,sample_url,sample_description
sample_title,sample_url,sample_description
sample_title,sample_url,sample_description
sample_title,sample_url,sample_description
sample_title,sample_url,sample_description
sample_title,sample_url,sample_description
sample_title,sample_url,sample_description
sample_title,sample_url,sample_description
sample_title,sample_url,sample_description
sample_title,sample_url,sample_description
sample_title,sample_url,sample_description
sample_title,sample_url,sample_description
sample_title,sample_url,sample_description
sample_title,sample_url,sample_description
sample_title,sample_url,sample_description
